<?xml version="1.0" encoding="UTF-8" standalone="no"?>
<!-- pycsw 2.4.2 -->
<csw:GetRecordByIdResponse xmlns:atom="http://www.w3.org/2005/Atom" xmlns:csw="http://www.opengis.net/cat/csw/2.0.2" xmlns:dc="http://purl.org/dc/elements/1.1/" xmlns:dct="http://purl.org/dc/terms/" xmlns:gmd="http://www.isotc211.org/2005/gmd" xmlns:gml="http://www.opengis.net/gml" xmlns:ows="http://www.opengis.net/ows" xmlns:xs="http://www.w3.org/2001/XMLSchema" xmlns:xsi="http://www.w3.org/2001/XMLSchema-instance" xsi:schemaLocation="http://www.opengis.net/cat/csw/2.0.2 http://schemas.opengis.net/csw/2.0.2/CSW-discovery.xsd">
  <atom:entry xmlns:georss="http://www.georss.org/georss" xsi:schemaLocation="http://www.w3.org/2005/Atom http://www.kbcafe.com/rss/atom.xsd.xml">
    <atom:author>
      <atom:name>admin</atom:name>
    </atom:author>
    <atom:category term="solid waste"/>
    <atom:category term="trash"/>
    <atom:category term="trash size"/>
    <atom:contributor>admin</atom:contributor>
    <atom:id>ef2230b0-4d59-4052-bc7d-28a36336862b</atom:id>
    <dc:identifier>ef2230b0-4d59-4052-bc7d-28a36336862b</dc:identifier>
    <atom:link href="https://geonode.resilienceacademy.ac.tz/geoserver/ows" type="OGC:WFS" title="OGC WFS: geonode Service"/>
    <atom:link href="https://geonode.resilienceacademy.ac.tz/geoserver/ows" type="OGC:WMS" title="OGC WMS: geonode Service"/>
    <atom:link href="https://geonode.resilienceacademy.ac.tz/uploaded/thumbs/layer-ef2230b0-4d59-4052-bc7d-28a36336862b-thumb.png" type="WWW:DOWNLOAD-1.0-http--download" title="Dar es Salaam Waste Sites (Thumbnail Format)"/>
    <atom:link href="-6.627891063690190&amp;crs=EPSG:4326&amp;width=240&amp;height=200&amp;access_token=uUvICG7gqxj6RKy7oN0A2cX8xMdujV" type="WWW:DOWNLOAD-1.0-http--download" title="Dar es Salaam Waste Sites (Remote Thumbnail Format)"/>
    <atom:link href="https://geonode.resilienceacademy.ac.tz/geoserver/ows?service=WMS&amp;request=GetLegendGraphic&amp;format=image/png&amp;WIDTH=20&amp;HEIGHT=20&amp;LAYER=geonode:dar_es_salaam_trash_data&amp;STYLE=dar_es_salaam_trash_data&amp;legend_options=fontAntiAliasing:true;fontSize:12;forceLabels:on" type="WWW:DOWNLOAD-1.0-http--download" title="Dar es Salaam Waste Sites (Legend Format)"/>
    <atom:link href="https://geonode.resilienceacademy.ac.tz/layers/geonode_data:geonode:dar_es_salaam_trash_data" type="WWW:LINK-1.0-http--link" title="Web address (URL)"/>
    <atom:link href="https://geonode.resilienceacademy.ac.tz/geoserver/ows?service=WFS&amp;version=1.0.0&amp;request=GetFeature&amp;typename=geonode%3Adar_es_salaam_trash_data&amp;outputFormat=excel&amp;srs=EPSG%3A4326" type="WWW:DOWNLOAD-1.0-http--download" title="Dar es Salaam Waste Sites (Excel Format)"/>
    <atom:link href="https://geonode.resilienceacademy.ac.tz/geoserver/ows?service=WFS&amp;version=1.0.0&amp;request=GetFeature&amp;typename=geonode%3Adar_es_salaam_trash_data&amp;outputFormat=csv&amp;srs=EPSG%3A4326" type="WWW:DOWNLOAD-1.0-http--download" title="Dar es Salaam Waste Sites (CSV Format)"/>
    <atom:link href="https://geonode.resilienceacademy.ac.tz/geoserver/ows?service=WFS&amp;version=1.0.0&amp;request=GetFeature&amp;typename=geonode%3Adar_es_salaam_trash_data&amp;outputFormat=SHAPE-ZIP&amp;srs=EPSG%3A4326&amp;format_options=charset%3AUTF-8" type="WWW:DOWNLOAD-1.0-http--download" title="Dar es Salaam Waste Sites (Zipped Shapefile Format)"/>
    <atom:link href="https://geonode.resilienceacademy.ac.tz/geoserver/ows?service=WMS&amp;request=GetMap&amp;layers=geonode%3Adar_es_salaam_trash_data&amp;format=image%2Fpng&amp;height=550&amp;width=550&amp;srs=EPSG%3A4326&amp;bbox=39.043720245361300%2C-6.936977863311770%2C39.325336456298800%2C-6.627891063690190" type="WWW:DOWNLOAD-1.0-http--download" title="Dar es Salaam Waste Sites (PNG Format)"/>
    <atom:link href="https://geonode.resilienceacademy.ac.tz/geoserver/ows?service=WMS&amp;request=GetMap&amp;layers=geonode%3Adar_es_salaam_trash_data&amp;format=application%2Fpdf&amp;height=550&amp;width=550&amp;srs=EPSG%3A4326&amp;bbox=39.043720245361300%2C-6.936977863311770%2C39.325336456298800%2C-6.627891063690190" type="WWW:DOWNLOAD-1.0-http--download" title="Dar es Salaam Waste Sites (PDF Format)"/>
    <atom:link href="https://geonode.resilienceacademy.ac.tz/geoserver/ows?service=WMS&amp;request=GetMap&amp;layers=geonode%3Adar_es_salaam_trash_data&amp;format=image%2Fjpeg&amp;height=550&amp;width=550&amp;srs=EPSG%3A4326&amp;bbox=39.043720245361300%2C-6.936977863311770%2C39.325336456298800%2C-6.627891063690190" type="WWW:DOWNLOAD-1.0-http--download" title="Dar es Salaam Waste Sites (JPEG Format)"/>
    <atom:link href="https://geonode.resilienceacademy.ac.tz/download/29" type="WWW:DOWNLOAD-1.0-http--download" title="Dar es Salaam Waste Sites (Original Dataset Format)"/>
    <atom:link href="https://geonode.resilienceacademy.ac.tz/catalogue/csw?service=CSW&amp;version=2.0.2&amp;request=GetRepositoryItem&amp;id=ef2230b0-4d59-4052-bc7d-28a36336862b"/>
    <atom:title>Dar es Salaam Waste Sites</atom:title>
    <atom:updated>2019-02-22T12:00:00Z</atom:updated>
    <atom:published>2019-02-22T12:00:00Z</atom:published>
    <atom:rights>formal permission to do something</atom:rights>
    <atom:summary>Data points of areas with poorly managed solid waste. The map includes the size of waste material, type of waste material and suggested cleanup methods.</atom:summary>
    <georss:where>
      <gml:Envelope srsName="http://www.opengis.net/def/crs/EPSG/0/4326">
        <gml:lowerCorner>-6.936978 39.04372</gml:lowerCorner>
        <gml:upperCorner>-6.627891 39.325336</gml:upperCorner>
      </gml:Envelope>
    </georss:where>
  </atom:entry>
</csw:GetRecordByIdResponse>
