<?xml version="1.0" encoding="UTF-8" standalone="no"?>
<!-- pycsw 2.4.2 -->
<csw:GetRecordByIdResponse xmlns:csw="http://www.opengis.net/cat/csw/2.0.2" xmlns:dc="http://purl.org/dc/elements/1.1/" xmlns:dct="http://purl.org/dc/terms/" xmlns:dif="http://gcmd.gsfc.nasa.gov/Aboutus/xml/dif/" xmlns:gmd="http://www.isotc211.org/2005/gmd" xmlns:gml="http://www.opengis.net/gml" xmlns:ows="http://www.opengis.net/ows" xmlns:xs="http://www.w3.org/2001/XMLSchema" xmlns:xsi="http://www.w3.org/2001/XMLSchema-instance" xsi:schemaLocation="http://www.opengis.net/cat/csw/2.0.2 http://schemas.opengis.net/csw/2.0.2/CSW-discovery.xsd">
  <dif:DIF xsi:schemaLocation="http://gcmd.gsfc.nasa.gov/Aboutus/xml/dif/ http://gcmd.gsfc.nasa.gov/Aboutus/xml/dif/dif.xsd">
    <dif:Entry_ID>ef2230b0-4d59-4052-bc7d-28a36336862b</dif:Entry_ID>
    <dif:Entry_Title>Dar es Salaam Waste Sites</dif:Entry_Title>
    <dif:Data_Set_Citation>
      <dif:Dataset_Creator>admin</dif:Dataset_Creator>
      <dif:Dataset_Release_Date>2019-02-22T12:00:00Z</dif:Dataset_Release_Date>
      <dif:Dataset_Publisher>admin</dif:Dataset_Publisher>
      <dif:Data_Presentation_Form>vector</dif:Data_Presentation_Form>
    </dif:Data_Set_Citation>
    <dif:ISO_Topic_Category>environment</dif:ISO_Topic_Category>
    <dif:Keyword>solid waste</dif:Keyword>
    <dif:Keyword>trash</dif:Keyword>
    <dif:Keyword>trash size</dif:Keyword>
    <dif:Temporal_Coverage>
      <dif:Start_Date>2018-07-30T12:00:00Z</dif:Start_Date>
      <dif:End_Date>2018-08-03T12:00:00Z</dif:End_Date>
    </dif:Temporal_Coverage>
    <dif:Spatial_Coverage>
      <dif:Southernmost_Latitude>-6.936978</dif:Southernmost_Latitude>
      <dif:Northernmost_Latitude>-6.627891</dif:Northernmost_Latitude>
      <dif:Westernmost_Longitude>39.04372</dif:Westernmost_Longitude>
      <dif:Easternmost_Longitude>39.325336</dif:Easternmost_Longitude>
    </dif:Spatial_Coverage>
    <dif:Access_Constraints>formal permission to do something</dif:Access_Constraints>
    <dif:Data_Set_Language>eng</dif:Data_Set_Language>
    <dif:Originating_Center/>
    <dif:Summary>Data points of areas with poorly managed solid waste. The map includes the size of waste material, type of waste material and suggested cleanup methods.</dif:Summary>
    <dif:DIF_Creation_Date>2019-02-22T12:00:00Z</dif:DIF_Creation_Date>
    <dif:Related_URL>
      <dif:URL/>
    </dif:Related_URL>
    <dif:Related_URL>
      <dif:URL_Content_Type>
        <dif:Type>OGC:WFS</dif:Type>
      </dif:URL_Content_Type>
      <dif:URL>https://geonode.resilienceacademy.ac.tz/geoserver/ows</dif:URL>
      <dif:Description>OGC WFS: geonode Service</dif:Description>
    </dif:Related_URL>
    <dif:Related_URL>
      <dif:URL_Content_Type>
        <dif:Type>OGC:WMS</dif:Type>
      </dif:URL_Content_Type>
      <dif:URL>https://geonode.resilienceacademy.ac.tz/geoserver/ows</dif:URL>
      <dif:Description>OGC WMS: geonode Service</dif:Description>
    </dif:Related_URL>
    <dif:Related_URL>
      <dif:URL_Content_Type>
        <dif:Type>WWW:DOWNLOAD-1.0-http--download</dif:Type>
      </dif:URL_Content_Type>
      <dif:URL>https://geonode.resilienceacademy.ac.tz/uploaded/thumbs/layer-ef2230b0-4d59-4052-bc7d-28a36336862b-thumb.png</dif:URL>
      <dif:Description>Dar es Salaam Waste Sites (Thumbnail Format)</dif:Description>
    </dif:Related_URL>
    <dif:Related_URL>
      <dif:URL_Content_Type>
        <dif:Type>WWW:DOWNLOAD-1.0-http--download</dif:Type>
      </dif:URL_Content_Type>
      <dif:URL>-6.627891063690190&amp;crs=EPSG:4326&amp;width=240&amp;height=200&amp;access_token=uUvICG7gqxj6RKy7oN0A2cX8xMdujV</dif:URL>
      <dif:Description>Dar es Salaam Waste Sites (Remote Thumbnail Format)</dif:Description>
    </dif:Related_URL>
    <dif:Related_URL>
      <dif:URL_Content_Type>
        <dif:Type>WWW:DOWNLOAD-1.0-http--download</dif:Type>
      </dif:URL_Content_Type>
      <dif:URL>https://geonode.resilienceacademy.ac.tz/geoserver/ows?service=WMS&amp;request=GetLegendGraphic&amp;format=image/png&amp;WIDTH=20&amp;HEIGHT=20&amp;LAYER=geonode:dar_es_salaam_trash_data&amp;STYLE=dar_es_salaam_trash_data&amp;legend_options=fontAntiAliasing:true;fontSize:12;forceLabels:on</dif:URL>
      <dif:Description>Dar es Salaam Waste Sites (Legend Format)</dif:Description>
    </dif:Related_URL>
    <dif:Related_URL>
      <dif:URL_Content_Type>
        <dif:Type>WWW:LINK-1.0-http--link</dif:Type>
      </dif:URL_Content_Type>
      <dif:URL>https://geonode.resilienceacademy.ac.tz/layers/geonode_data:geonode:dar_es_salaam_trash_data</dif:URL>
      <dif:Description>Web address (URL)</dif:Description>
    </dif:Related_URL>
    <dif:Related_URL>
      <dif:URL_Content_Type>
        <dif:Type>WWW:DOWNLOAD-1.0-http--download</dif:Type>
      </dif:URL_Content_Type>
      <dif:URL>https://geonode.resilienceacademy.ac.tz/geoserver/ows?service=WFS&amp;version=1.0.0&amp;request=GetFeature&amp;typename=geonode%3Adar_es_salaam_trash_data&amp;outputFormat=excel&amp;srs=EPSG%3A4326</dif:URL>
      <dif:Description>Dar es Salaam Waste Sites (Excel Format)</dif:Description>
    </dif:Related_URL>
    <dif:Related_URL>
      <dif:URL_Content_Type>
        <dif:Type>WWW:DOWNLOAD-1.0-http--download</dif:Type>
      </dif:URL_Content_Type>
      <dif:URL>https://geonode.resilienceacademy.ac.tz/geoserver/ows?service=WFS&amp;version=1.0.0&amp;request=GetFeature&amp;typename=geonode%3Adar_es_salaam_trash_data&amp;outputFormat=csv&amp;srs=EPSG%3A4326</dif:URL>
      <dif:Description>Dar es Salaam Waste Sites (CSV Format)</dif:Description>
    </dif:Related_URL>
    <dif:Related_URL>
      <dif:URL_Content_Type>
        <dif:Type>WWW:DOWNLOAD-1.0-http--download</dif:Type>
      </dif:URL_Content_Type>
      <dif:URL>https://geonode.resilienceacademy.ac.tz/geoserver/ows?service=WFS&amp;version=1.0.0&amp;request=GetFeature&amp;typename=geonode%3Adar_es_salaam_trash_data&amp;outputFormat=SHAPE-ZIP&amp;srs=EPSG%3A4326&amp;format_options=charset%3AUTF-8</dif:URL>
      <dif:Description>Dar es Salaam Waste Sites (Zipped Shapefile Format)</dif:Description>
    </dif:Related_URL>
    <dif:Related_URL>
      <dif:URL_Content_Type>
        <dif:Type>WWW:DOWNLOAD-1.0-http--download</dif:Type>
      </dif:URL_Content_Type>
      <dif:URL>https://geonode.resilienceacademy.ac.tz/geoserver/ows?service=WMS&amp;request=GetMap&amp;layers=geonode%3Adar_es_salaam_trash_data&amp;format=image%2Fpng&amp;height=550&amp;width=550&amp;srs=EPSG%3A4326&amp;bbox=39.043720245361300%2C-6.936977863311770%2C39.325336456298800%2C-6.627891063690190</dif:URL>
      <dif:Description>Dar es Salaam Waste Sites (PNG Format)</dif:Description>
    </dif:Related_URL>
    <dif:Related_URL>
      <dif:URL_Content_Type>
        <dif:Type>WWW:DOWNLOAD-1.0-http--download</dif:Type>
      </dif:URL_Content_Type>
      <dif:URL>https://geonode.resilienceacademy.ac.tz/geoserver/ows?service=WMS&amp;request=GetMap&amp;layers=geonode%3Adar_es_salaam_trash_data&amp;format=application%2Fpdf&amp;height=550&amp;width=550&amp;srs=EPSG%3A4326&amp;bbox=39.043720245361300%2C-6.936977863311770%2C39.325336456298800%2C-6.627891063690190</dif:URL>
      <dif:Description>Dar es Salaam Waste Sites (PDF Format)</dif:Description>
    </dif:Related_URL>
    <dif:Related_URL>
      <dif:URL_Content_Type>
        <dif:Type>WWW:DOWNLOAD-1.0-http--download</dif:Type>
      </dif:URL_Content_Type>
      <dif:URL>https://geonode.resilienceacademy.ac.tz/geoserver/ows?service=WMS&amp;request=GetMap&amp;layers=geonode%3Adar_es_salaam_trash_data&amp;format=image%2Fjpeg&amp;height=550&amp;width=550&amp;srs=EPSG%3A4326&amp;bbox=39.043720245361300%2C-6.936977863311770%2C39.325336456298800%2C-6.627891063690190</dif:URL>
      <dif:Description>Dar es Salaam Waste Sites (JPEG Format)</dif:Description>
    </dif:Related_URL>
    <dif:Related_URL>
      <dif:URL_Content_Type>
        <dif:Type>WWW:DOWNLOAD-1.0-http--download</dif:Type>
      </dif:URL_Content_Type>
      <dif:URL>https://geonode.resilienceacademy.ac.tz/download/29</dif:URL>
      <dif:Description>Dar es Salaam Waste Sites (Original Dataset Format)</dif:Description>
    </dif:Related_URL>
    <dif:Metadata_Name>CEOS IDN DIF</dif:Metadata_Name>
    <dif:Metadata_Version>9.7</dif:Metadata_Version>
  </dif:DIF>
</csw:GetRecordByIdResponse>
