<?xml version="1.0" encoding="UTF-8" standalone="no"?>
<!-- pycsw 2.4.2 -->
<csw:GetRecordByIdResponse xmlns:csw="http://www.opengis.net/cat/csw/2.0.2" xmlns:dc="http://purl.org/dc/elements/1.1/" xmlns:dct="http://purl.org/dc/terms/" xmlns:gmd="http://www.isotc211.org/2005/gmd" xmlns:gml="http://www.opengis.net/gml" xmlns:ows="http://www.opengis.net/ows" xmlns:xs="http://www.w3.org/2001/XMLSchema" xmlns:xsi="http://www.w3.org/2001/XMLSchema-instance" xsi:schemaLocation="http://www.opengis.net/cat/csw/2.0.2 http://schemas.opengis.net/csw/2.0.2/CSW-discovery.xsd">
  <csw:Record>
    <dc:identifier>ef2230b0-4d59-4052-bc7d-28a36336862b</dc:identifier>
    <dc:title>Dar es Salaam Waste Sites</dc:title>
    <dc:type>dataset</dc:type>
    <dc:subject>solid waste</dc:subject>
    <dc:subject>trash</dc:subject>
    <dc:subject>trash size</dc:subject>
    <dc:subject scheme="http://www.isotc211.org/2005/resources/Codelist/gmxCodelists.xml#MD_TopicCategoryCode">environment</dc:subject>
    <dc:format>vector</dc:format>
    <dct:references scheme="OGC:WFS">https://geonode.resilienceacademy.ac.tz/geoserver/ows</dct:references>
    <dct:references scheme="OGC:WMS">https://geonode.resilienceacademy.ac.tz/geoserver/ows</dct:references>
    <dct:references scheme="WWW:DOWNLOAD-1.0-http--download">https://geonode.resilienceacademy.ac.tz/uploaded/thumbs/layer-ef2230b0-4d59-4052-bc7d-28a36336862b-thumb.png</dct:references>
    <dct:references scheme="WWW:DOWNLOAD-1.0-http--download">-6.627891063690190&amp;crs=EPSG:4326&amp;width=240&amp;height=200&amp;access_token=uUvICG7gqxj6RKy7oN0A2cX8xMdujV</dct:references>
    <dct:references scheme="WWW:DOWNLOAD-1.0-http--download">https://geonode.resilienceacademy.ac.tz/geoserver/ows?service=WMS&amp;request=GetLegendGraphic&amp;format=image/png&amp;WIDTH=20&amp;HEIGHT=20&amp;LAYER=geonode:dar_es_salaam_trash_data&amp;STYLE=dar_es_salaam_trash_data&amp;legend_options=fontAntiAliasing:true;fontSize:12;forceLabels:on</dct:references>
    <dct:references scheme="WWW:LINK-1.0-http--link">https://geonode.resilienceacademy.ac.tz/layers/geonode_data:geonode:dar_es_salaam_trash_data</dct:references>
    <dct:references scheme="WWW:DOWNLOAD-1.0-http--download">https://geonode.resilienceacademy.ac.tz/geoserver/ows?service=WFS&amp;version=1.0.0&amp;request=GetFeature&amp;typename=geonode%3Adar_es_salaam_trash_data&amp;outputFormat=excel&amp;srs=EPSG%3A4326</dct:references>
    <dct:references scheme="WWW:DOWNLOAD-1.0-http--download">https://geonode.resilienceacademy.ac.tz/geoserver/ows?service=WFS&amp;version=1.0.0&amp;request=GetFeature&amp;typename=geonode%3Adar_es_salaam_trash_data&amp;outputFormat=csv&amp;srs=EPSG%3A4326</dct:references>
    <dct:references scheme="WWW:DOWNLOAD-1.0-http--download">https://geonode.resilienceacademy.ac.tz/geoserver/ows?service=WFS&amp;version=1.0.0&amp;request=GetFeature&amp;typename=geonode%3Adar_es_salaam_trash_data&amp;outputFormat=SHAPE-ZIP&amp;srs=EPSG%3A4326&amp;format_options=charset%3AUTF-8</dct:references>
    <dct:references scheme="WWW:DOWNLOAD-1.0-http--download">https://geonode.resilienceacademy.ac.tz/geoserver/ows?service=WMS&amp;request=GetMap&amp;layers=geonode%3Adar_es_salaam_trash_data&amp;format=image%2Fpng&amp;height=550&amp;width=550&amp;srs=EPSG%3A4326&amp;bbox=39.043720245361300%2C-6.936977863311770%2C39.325336456298800%2C-6.627891063690190</dct:references>
    <dct:references scheme="WWW:DOWNLOAD-1.0-http--download">https://geonode.resilienceacademy.ac.tz/geoserver/ows?service=WMS&amp;request=GetMap&amp;layers=geonode%3Adar_es_salaam_trash_data&amp;format=application%2Fpdf&amp;height=550&amp;width=550&amp;srs=EPSG%3A4326&amp;bbox=39.043720245361300%2C-6.936977863311770%2C39.325336456298800%2C-6.627891063690190</dct:references>
    <dct:references scheme="WWW:DOWNLOAD-1.0-http--download">https://geonode.resilienceacademy.ac.tz/geoserver/ows?service=WMS&amp;request=GetMap&amp;layers=geonode%3Adar_es_salaam_trash_data&amp;format=image%2Fjpeg&amp;height=550&amp;width=550&amp;srs=EPSG%3A4326&amp;bbox=39.043720245361300%2C-6.936977863311770%2C39.325336456298800%2C-6.627891063690190</dct:references>
    <dct:references scheme="WWW:DOWNLOAD-1.0-http--download">https://geonode.resilienceacademy.ac.tz/download/29</dct:references>
    <dct:modified>2019-02-22T12:00:00Z</dct:modified>
    <dct:abstract>Data points of areas with poorly managed solid waste. The map includes the size of waste material, type of waste material and suggested cleanup methods.</dct:abstract>
    <dc:date>2019-02-22T12:00:00Z</dc:date>
    <dc:creator>admin</dc:creator>
    <dc:publisher>admin</dc:publisher>
    <dc:contributor>admin</dc:contributor>
    <dc:language>eng</dc:language>
    <dc:rights>formal permission to do something</dc:rights>
    <dct:alternative>geonode:dar_es_salaam_trash_data</dct:alternative>
    <dct:spatial scheme="http://www.opengis.net/def/crs">EPSG:4326</dct:spatial>
    <ows:BoundingBox crs="urn:x-ogc:def:crs:EPSG:6.11:4326" dimensions="2">
      <ows:LowerCorner>-6.936978 39.04372</ows:LowerCorner>
      <ows:UpperCorner>-6.627891 39.325336</ows:UpperCorner>
    </ows:BoundingBox>
  </csw:Record>
</csw:GetRecordByIdResponse>
