<?xml version="1.0" encoding="UTF-8" standalone="no"?>
<!-- pycsw 2.4.2 -->
<csw:GetRecordByIdResponse xmlns:csw="http://www.opengis.net/cat/csw/2.0.2" xmlns:dc="http://purl.org/dc/elements/1.1/" xmlns:dct="http://purl.org/dc/terms/" xmlns:gmd="http://www.isotc211.org/2005/gmd" xmlns:gml="http://www.opengis.net/gml" xmlns:ows="http://www.opengis.net/ows" xmlns:xs="http://www.w3.org/2001/XMLSchema" xmlns:xsi="http://www.w3.org/2001/XMLSchema-instance" xsi:schemaLocation="http://www.opengis.net/cat/csw/2.0.2 http://schemas.opengis.net/csw/2.0.2/CSW-discovery.xsd">
  <metadata xsi:noNamespaceSchemaLocation="http://www.fgdc.gov/metadata/fgdc-std-001-1998.xsd">
    <idinfo>
      <datasetid>ef2230b0-4d59-4052-bc7d-28a36336862b</datasetid>
      <citation>
        <citeinfo>
          <title>Dar es Salaam Waste Sites</title>
          <publinfo>
            <publish>admin</publish>
          </publinfo>
          <origin>admin</origin>
          <geoform>vector</geoform>
          <onlink></onlink>
          <onlink type="OGC:WFS">https://geonode.resilienceacademy.ac.tz/geoserver/ows</onlink>
          <onlink type="OGC:WMS">https://geonode.resilienceacademy.ac.tz/geoserver/ows</onlink>
          <onlink type="WWW:DOWNLOAD-1.0-http--download">https://geonode.resilienceacademy.ac.tz/uploaded/thumbs/layer-ef2230b0-4d59-4052-bc7d-28a36336862b-thumb.png</onlink>
          <onlink type="WWW:DOWNLOAD-1.0-http--download">-6.627891063690190&amp;crs=EPSG:4326&amp;width=240&amp;height=200&amp;access_token=uUvICG7gqxj6RKy7oN0A2cX8xMdujV</onlink>
          <onlink type="WWW:DOWNLOAD-1.0-http--download">https://geonode.resilienceacademy.ac.tz/geoserver/ows?service=WMS&amp;request=GetLegendGraphic&amp;format=image/png&amp;WIDTH=20&amp;HEIGHT=20&amp;LAYER=geonode:dar_es_salaam_trash_data&amp;STYLE=dar_es_salaam_trash_data&amp;legend_options=fontAntiAliasing:true;fontSize:12;forceLabels:on</onlink>
          <onlink type="WWW:LINK-1.0-http--link">https://geonode.resilienceacademy.ac.tz/layers/geonode_data:geonode:dar_es_salaam_trash_data</onlink>
          <onlink type="WWW:DOWNLOAD-1.0-http--download">https://geonode.resilienceacademy.ac.tz/geoserver/ows?service=WFS&amp;version=1.0.0&amp;request=GetFeature&amp;typename=geonode%3Adar_es_salaam_trash_data&amp;outputFormat=excel&amp;srs=EPSG%3A4326</onlink>
          <onlink type="WWW:DOWNLOAD-1.0-http--download">https://geonode.resilienceacademy.ac.tz/geoserver/ows?service=WFS&amp;version=1.0.0&amp;request=GetFeature&amp;typename=geonode%3Adar_es_salaam_trash_data&amp;outputFormat=csv&amp;srs=EPSG%3A4326</onlink>
          <onlink type="WWW:DOWNLOAD-1.0-http--download">https://geonode.resilienceacademy.ac.tz/geoserver/ows?service=WFS&amp;version=1.0.0&amp;request=GetFeature&amp;typename=geonode%3Adar_es_salaam_trash_data&amp;outputFormat=SHAPE-ZIP&amp;srs=EPSG%3A4326&amp;format_options=charset%3AUTF-8</onlink>
          <onlink type="WWW:DOWNLOAD-1.0-http--download">https://geonode.resilienceacademy.ac.tz/geoserver/ows?service=WMS&amp;request=GetMap&amp;layers=geonode%3Adar_es_salaam_trash_data&amp;format=image%2Fpng&amp;height=550&amp;width=550&amp;srs=EPSG%3A4326&amp;bbox=39.043720245361300%2C-6.936977863311770%2C39.325336456298800%2C-6.627891063690190</onlink>
          <onlink type="WWW:DOWNLOAD-1.0-http--download">https://geonode.resilienceacademy.ac.tz/geoserver/ows?service=WMS&amp;request=GetMap&amp;layers=geonode%3Adar_es_salaam_trash_data&amp;format=application%2Fpdf&amp;height=550&amp;width=550&amp;srs=EPSG%3A4326&amp;bbox=39.043720245361300%2C-6.936977863311770%2C39.325336456298800%2C-6.627891063690190</onlink>
          <onlink type="WWW:DOWNLOAD-1.0-http--download">https://geonode.resilienceacademy.ac.tz/geoserver/ows?service=WMS&amp;request=GetMap&amp;layers=geonode%3Adar_es_salaam_trash_data&amp;format=image%2Fjpeg&amp;height=550&amp;width=550&amp;srs=EPSG%3A4326&amp;bbox=39.043720245361300%2C-6.936977863311770%2C39.325336456298800%2C-6.627891063690190</onlink>
          <onlink type="WWW:DOWNLOAD-1.0-http--download">https://geonode.resilienceacademy.ac.tz/download/29</onlink>
        </citeinfo>
      </citation>
      <keywords>
        <theme>
          <themekey>solid waste</themekey>
          <themekey>trash</themekey>
          <themekey>trash size</themekey>
        </theme>
      </keywords>
      <accconst>formal permission to do something</accconst>
      <descript>
        <abstract>Data points of areas with poorly managed solid waste. The map includes the size of waste material, type of waste material and suggested cleanup methods.</abstract>
      </descript>
      <timeperd>
        <timeinfo>
          <timeinfo>
            <begdate>2018-07-30T12:00:00Z</begdate>
            <enddate>2018-08-03T12:00:00Z</enddate>
          </timeinfo>
        </timeinfo>
      </timeperd>
      <spdom>
        <bounding>
          <westbc>39.04372</westbc>
          <eastbc>39.325336</eastbc>
          <northbc>-6.627891</northbc>
          <southbc>-6.936978</southbc>
        </bounding>
      </spdom>
      <datacred>admin</datacred>
      <spdoinfo>
        <direct>dataset</direct>
      </spdoinfo>
    </idinfo>
    <distinfo>
      <stdorder>
        <digform>
          <digtinfo>
            <formname>vector</formname>
          </digtinfo>
        </digform>
      </stdorder>
    </distinfo>
    <lineage>
      <srcinfo>
        <srccite>
          <citeinfo>
            <title></title>
          </citeinfo>
        </srccite>
      </srcinfo>
    </lineage>
    <metainfo>
      <metd>2019-02-22T12:00:00Z</metd>
    </metainfo>
  </metadata>
</csw:GetRecordByIdResponse>
